post_id,created_utc,title,clean_text,keywords,topic_hint,author_masked,score,num_comments,permalink,cluster_id,centroid_distance
1r2v9ij,1770907513,Workout outfits,Workout outfits,"workout,outfits",workout,user_426093,0,2,https://old.reddit.com/r/workout/comments/1r2v9ij/workout_outfits/,0,0.7546745371194036
1qx8475,1770352831,Workout Regiment,Workout Regiment,"workout,regiment",workout,user_414277,0,3,https://old.reddit.com/r/workout/comments/1qx8475/workout_regiment/,0,0.7546745371194036
1qwpf3d,1770307841,Pregnancy and workout,Pregnancy and workout,"pregnancy,workout",pregnancy,user_115125,0,3,https://old.reddit.com/r/workout/comments/1qwpf3d/pregnancy_and_workout/,0,0.8359438744566212
1qx6ju8,1770348217,Finessing workout routine,Finessing workout routine,"finessing,workout,routine",finessing,user_351259,0,1,https://old.reddit.com/r/workout/comments/1qx6ju8/finessing_workout_routine/,0,0.8471327408108965
1qx4gj8,1770342475,Workout Routine,Workout Routine,"workout,routine",workout,user_442398,0,1,https://old.reddit.com/r/workout/comments/1qx4gj8/workout_routine/,0,0.8471327408108965
1r3y4f6,1771009814,Tendons,Tendons,tendons,tendons,user_326903,0,37,https://old.reddit.com/r/workout/comments/1r3y4f6/tendons/,1,0.10212410672140025
1r2yprv,1770915340,Shin splint,Shin splint,"shin,splint",shin,user_455025,0,5,https://old.reddit.com/r/workout/comments/1r2yprv/shin_splint/,1,0.10212410672140025
1r2um8r,1770905931,ðŸ‘‹,,,general,user_697585,0,2,https://old.reddit.com/r/workout/comments/1r2um8r/_/,1,0.10212410672140025
1r2afw8,1770845817,Apparently,Apparently,apparently,apparently,user_728110,0,4,https://old.reddit.com/r/workout/comments/1r2afw8/apparently/,1,0.10212410672140025
1r1twbd,1770805859,ðŸ‘‹ Te damos la bienvenida a r/FitnessEspana. Listo para hacer comunidad?,Te damos la bienvenida a r FitnessEspana Listo para hacer comunidad,"damos,bienvenida,fitnessespana,listo,para,hacer,comunidad",damos,user_195824,0,1,https://old.reddit.com/r/workout/comments/1r1twbd/te_damos_la_bienvenida_a_rfitnessespana_listo/,1,0.10212410672140025
1r40t2r,1771015945,MMA Gym,MMA Gym,"mma,gym",mma,user_782623,0,4,https://old.reddit.com/r/workout/comments/1r40t2r/mma_gym/,2,0.7620356525866044
1r1frsb,1770763447,Gym bags,Gym bags,"gym,bags",gym,user_612501,0,139,https://old.reddit.com/r/workout/comments/1r1frsb/gym_bags/,2,0.7620356525866044
1r1f32s,1770761844,GYM JAMS,GYM JAMS,"gym,jams",gym,user_247156,0,11,https://old.reddit.com/r/workout/comments/1r1f32s/gym_jams/,2,0.7620356525866044
1qwzege,1770329544,Gym,Gym,gym,gym,user_771105,0,17,https://old.reddit.com/r/workout/comments/1qwzege/gym/,2,0.7620356525866044
1r10u39,1770730373,Shipping Container Gym vs Shed Gym,Shipping Container Gym vs Shed Gym,"gym,shipping,container,shed",gym,user_985440,0,25,https://old.reddit.com/r/workout/comments/1r10u39/shipping_container_gym_vs_shed_gym/,2,0.8223481013395009
1qjeyae,1769040439,How do you track your rests??,How do you track your rests,"how,track,rests",how,user_732259,0,143,https://old.reddit.com/r/workout/comments/1qjeyae/how_do_you_track_your_rests/,3,0.7855121457097404
1r4pdcy,1771087542,How do you cope with loneliness?,How do you cope with loneliness,"how,cope,loneliness",how,user_775290,0,8,https://old.reddit.com/r/workout/comments/1r4pdcy/how_do_you_cope_with_loneliness/,3,0.7933579357929927
1r2ymq7,1770915149,"What do you do when you fell out of love with exercise? How do you find your ""why"" again?",What do you do when you fell out of love with exercise How do you find your why again,"fell,out,love,exercise,how,find,why,again",fell,user_078212,0,11,https://old.reddit.com/r/workout/comments/1r2ymq7/what_do_you_do_when_you_fell_out_of_love_with/,3,0.8229444962270406
1r1h2bu,1770766507,What protein powders do you reccommend?,What protein powders do you reccommend,"protein,powders,reccommend",protein,user_397529,0,27,https://old.reddit.com/r/workout/comments/1r1h2bu/what_protein_powders_do_you_reccommend/,3,0.8333261555075555
1qwrohs,1770312758,"Morning birds, how do you do it?",Morning birds how do you do it,"morning,birds,how",morning,user_633801,0,71,https://old.reddit.com/r/workout/comments/1qwrohs/morning_birds_how_do_you_do_it/,3,0.8517833679757176
1ql3z90,1769204715,Wow my knees sound awful,Wow my knees sound awful,"wow,knees,sound,awful",wow,user_443140,0,13,https://old.reddit.com/r/workout/comments/1ql3z90/wow_my_knees_sound_awful/,4,0.84444870320844
1qj12yj,1769009725,My January Complaints,My January Complaints,"january,complaints",january,user_452824,0,134,https://old.reddit.com/r/workout/comments/1qj12yj/my_january_complaints/,4,0.84444870320844
1r0segl,1770701694,My size on decline,My size on decline,"size,decline",size,user_462775,0,20,https://old.reddit.com/r/workout/comments/1r0segl/my_size_on_decline/,4,0.8967322680857326
1r2ty0y,1770904256,Advice on my upcoming cut?,Advice on my upcoming cut,"advice,upcoming,cut",advice,user_230487,0,7,https://old.reddit.com/r/workout/comments/1r2ty0y/advice_on_my_upcoming_cut/,4,0.9050854406220502
1qy1kg0,1770431109,Advice on my split routine?,Advice on my split routine,"advice,split,routine",advice,user_037133,0,8,https://old.reddit.com/r/workout/comments/1qy1kg0/advice_on_my_split_routine/,4,0.9150154017895603
1r39iy1,1770940034,16M need advice,16M need advice,"16m,need,advice",16m,user_006588,0,1,https://old.reddit.com/r/workout/comments/1r39iy1/16m_need_advice/,5,0.7537821336581227
1r2gv2g,1770861876,Need advice,Need advice,"need,advice",need,user_325282,0,1,https://old.reddit.com/r/workout/comments/1r2gv2g/need_advice/,5,0.7537821336581227
1r179uf,1770744880,Need Advice.,Need Advice,"need,advice",need,user_558346,0,5,https://old.reddit.com/r/workout/comments/1r179uf/need_advice/,5,0.7537821336581227
1r4sekt,1771094606,advice? 16F,advice 16F,"advice,16f",advice,user_955729,0,4,https://old.reddit.com/r/workout/comments/1r4sekt/advice_16f/,5,0.7879275450742713
1qq9x1e,1769696669,Advice,Advice,advice,advice,user_041562,0,8,https://old.reddit.com/r/workout/comments/1qq9x1e/advice/,5,0.7879275450742713
1r3g5mz,1770958598,Working out after back tattoo,Working out after back tattoo,"working,out,after,back,tattoo",working,user_054040,0,1,https://old.reddit.com/r/workout/comments/1r3g5mz/working_out_after_back_tattoo/,6,0.7646214378029363
1qzqdk3,1770599045,Working out (just started),Working out just started,"working,out,started",working,user_521758,0,6,https://old.reddit.com/r/workout/comments/1qzqdk3/working_out_just_started/,6,0.8275722742592054
1qy4g51,1770439340,how to start working out?,how to start working out,"how,start,working,out",how,user_902482,0,2,https://old.reddit.com/r/workout/comments/1qy4g51/how_to_start_working_out/,6,0.8298106848066168
1qtcy9x,1769984942,Drop in libido after starting working out?,Drop in libido after starting working out,"drop,libido,after,starting,working,out",drop,user_855144,0,72,https://old.reddit.com/r/workout/comments/1qtcy9x/drop_in_libido_after_starting_working_out/,6,0.8308525343252774
1r205hp,1770823208,Chronically fatigued when working out regularly,Chronically fatigued when working out regularly,"chronically,fatigued,working,out,regularly",chronically,user_180338,0,88,https://old.reddit.com/r/workout/comments/1r205hp/chronically_fatigued_when_working_out_regularly/,6,0.8398054831566787
1r2t5ph,1770902216,"Is this a solid routine? It used to be highly recommended, but it seems to be lacking arm and shoulders exercises.",Is this a solid routine It used to be highly recommended but it seems to be lacking arm and shoulders exercises,"solid,routine,used,highly,recommended,seems,lacking,arm",solid,user_868105,0,8,https://old.reddit.com/r/workout/comments/1r2t5ph/is_this_a_solid_routine_it_used_to_be_highly/,7,0.9512529762806977
1qwze9x,1770329532,Is this a reasonable routine for a cut?,Is this a reasonable routine for a cut,"reasonable,routine,cut",reasonable,user_146475,0,4,https://old.reddit.com/r/workout/comments/1qwze9x/is_this_a_reasonable_routine_for_a_cut/,7,0.9526746031814403
1r3dmgk,1770951083,"I Want to Lose Weight, But Iâ€™m to Lazy and Depressed.",I Want to Lose Weight But I m to Lazy and Depressed,"want,lose,weight,lazy,depressed",want,user_186513,0,16,https://old.reddit.com/r/workout/comments/1r3dmgk/i_want_to_lose_weight_but_im_to_lazy_and_depressed/,7,0.9540823044629335
1qf3o2n,1768624525,Is it just impossible for me to get abs?,Is it just impossible for me to get abs,"impossible,get,abs",impossible,user_761425,0,15,https://old.reddit.com/r/workout/comments/1qf3o2n/is_it_just_impossible_for_me_to_get_abs/,7,0.9567936004751266
1qm1ox5,1769295328,"Any advice for someone whoâ€™s been wanting to start going to the gym for a while, but is afraid of that first time, doing exercises incorrectly, wasting months without seeing results, and feeling overwhelmed by what theyâ€™re supposed to eat?",Any advice for someone who s been wanting to start going to the gym for a while but is afraid of that first time doing exercises incorrectly wasting months without seeing results and feeling overwhelmed by what they re supposed to eat,"any,advice,someone,wanting,start,going,gym,while",any,user_592486,0,34,https://old.reddit.com/r/workout/comments/1qm1ox5/any_advice_for_someone_whos_been_wanting_to_start/,7,0.9591134992414788
